{
    "_comment": "DO NOT EDIT: FILE GENERATED AUTOMATICALLY BY PTERODACTYL PANEL - PTERODACTYL.IO",
    "meta": {
        "version": "PTDL_v1",
        "update_url": null
    },
    "exported_at": "2021-04-27T20:49:27+01:00",
    "name": "Teamspeak3 Server",
    "author": "support@pterodactyl.io",
    "description": "VoIP software designed with security in mind, featuring crystal clear voice quality, endless customization options, and scalabilty up to thousands of simultaneous users.",
    "features": null,
    "images": [
        "quay.io\/parkervcp\/pterodactyl-images:base_debian"
    ],
    "startup": ".\/ts3server default_voice_port={{SERVER_PORT}} query_port={{SERVER_QUERY}} filetransfer_ip=0.0.0.0 filetransfer_port={{FILE_TRANSFER}} license_accepted=1",
    "config": {
        "files": "{}",
        "startup": "{\r\n    \"done\": \"listening on 0.0.0.0:\",\r\n    \"userInteraction\": []\r\n}",
        "logs": "{\r\n    \"custom\": true,\r\n    \"location\": \"logs\/ts3.log\"\r\n}",
        "stop": "^C"
    },
    "scripts": {
        "installation": {
            "script": "#!\/bin\/bash\r\n# TS3 Installation Script\r\n#\r\n# Server Files: \/mnt\/server\r\napt update\r\napt install -y tar curl jq bzip2\r\n\r\nif [ -z ${TS_VERSION} ] || [ ${TS_VERSION} == latest ]; then\r\n    TS_VERSION=$(curl -sSL https:\/\/teamspeak.com\/versions\/server.json | jq -r '.linux.x86_64.version')\r\nfi\r\n\r\ncd \/mnt\/server\r\n\r\necho -e \"getting files from http:\/\/files.teamspeak-services.com\/releases\/server\/${TS_VERSION}\/teamspeak3-server_linux_amd64-${TS_VERSION}.tar.bz2\"\r\ncurl -L http:\/\/files.teamspeak-services.com\/releases\/server\/${TS_VERSION}\/teamspeak3-server_linux_amd64-${TS_VERSION}.tar.bz2 | tar -xvj --strip-components=1",
            "container": "debian:buster-slim",
            "entrypoint": "bash"
        }
    },
    "variables": [
        {
            "name": "Server Version",
            "description": "The version of Teamspeak 3 to use when running the server.",
            "env_variable": "TS_VERSION",
            "default_value": "latest",
            "user_viewable": true,
            "user_editable": true,
            "rules": "required|string|max:6"
        },
        {
            "name": "File Transfer Port",
            "description": "The Teamspeak file transfer port",
            "env_variable": "FILE_TRANSFER",
            "default_value": "30033",
            "user_viewable": true,
            "user_editable": false,
            "rules": "required|integer|between:1,65535"
        },
        {
            "name": "Server Query Port",
            "description": "Teamspeak's Server Query Port",
            "env_variable": "SERVER_QUERY",
            "default_value": "10011",
            "user_viewable": true,
            "user_editable": false,
            "rules": "required|integer|between:1,65535"
        }
    ]
}
