{
    "_comment": "DO NOT EDIT: FILE GENERATED AUTOMATICALLY BY PTERODACTYL PANEL - PTERODACTYL.IO",
    "meta": {
        "version": "PTDL_v1",
        "update_url": null
    },
    "exported_at": "2021-11-26T14:35:45+01:00",
    "name": "Avorion",
    "author": "iamkubi@gmail.com",
    "description": "A procedural co-op space sandbox where players can build their own space ships out of dynamically scalable blocks. Fight epic space battles, explore, mine, trade, wage wars and build your own empire to save your galaxy from being torn apart by an unknown enemy.",
    "features": null,
    "images": [
        "ghcr.io\/parkervcp\/games:source"
    ],
    "file_denylist": [],
    "startup": ".\/bin\/AvorionServer --galaxy-name {{GALAXY_NAME}} --admin {{ADMIN_ID}} --datapath galaxy --port {{SERVER_PORT}} --query-port {{QUERY_PORT}} --steam-master-port {{STEAM_MASTER_PORT}} --steam-query-port {{STEAM_QUERY_PORT}} --max-players {{MAX_PLAYERS}} --difficulty {{DIFFICULTY}} --collision-damage {{COLLISION_DMG}} --save-interval {{SAVE_INTERVAL}} --same-start-sector {{SAME_START_SECTOR}} --server-name \\\"{{SERVER_NAME}}\\\" --threads {{GAME_THREADS}} --listed {{SERVER_LISTED}}",
    "config": {
        "files": "{}",
        "startup": "{\r\n    \"done\": \"Server startup complete\",\r\n    \"userInteraction\": []\r\n}",
        "logs": "{}",
        "stop": "\/stop"
    },
    "scripts": {
        "installation": {
            "script": "#!\/bin\/bash\r\n# Avorion Installation Script\r\n#\r\n# Server Files: \/mnt\/server\r\n\r\napt -y update\r\napt -y --no-install-recommends install curl lib32gcc-s1 ca-certificates\r\n\r\ncd \/tmp\r\ncurl -sSL -o steamcmd.tar.gz http:\/\/media.steampowered.com\/installer\/steamcmd_linux.tar.gz\r\nmkdir -p \/mnt\/server\/steamcmd\r\ntar -xzvf steamcmd.tar.gz -C \/mnt\/server\/steamcmd\r\ncd \/mnt\/server\/steamcmd\r\n\r\n# SteamCMD fails otherwise for some reason, even running as root.\r\n# This is changed at the end of the install process anyways.\r\nchown -R root:root \/mnt\r\n\r\nexport HOME=\/mnt\/server\r\n\r\n[[ \"$SERVER_BETA\" == \"true\" ]] && beta_arg=\"beta\" || beta_arg=\"NONE\"\r\n.\/steamcmd.sh +force_install_dir \/mnt\/server +login anonymous +force_install_dir \/mnt\/server +app_update ${APP_ID} -beta \"$beta_arg\" validate +exit\r\n\r\n## set up 32 bit libraries\r\nmkdir -p \/mnt\/server\/.steam\/sdk32\r\ncp -v linux32\/steamclient.so ..\/.steam\/sdk32\/steamclient.so\r\n\r\n## set up 64 bit libraries\r\nmkdir -p \/mnt\/server\/.steam\/sdk64\r\ncp -v linux64\/steamclient.so ..\/.steam\/sdk64\/steamclient.so\r\n\r\nmkdir -p \/mnt\/server\/backups\r\nmkdir -p \/mnt\/server\/galaxy\/${GALAXY_NAME}\r\ncurl https:\/\/raw.githubusercontent.com\/parkervcp\/eggs\/master\/game_eggs\/steamcmd_servers\/avorion\/server.ini --output \/mnt\/server\/galaxy\/${GALAXY_NAME}\/server.ini",
            "container": "ghcr.io\/parkervcp\/installers:debian",
            "entrypoint": "bash"
        }
    },
    "variables": [
        {
            "name": "Galaxy Name",
            "description": "Name of the Galaxy to create",
            "env_variable": "GALAXY_NAME",
            "default_value": "Avorion",
            "user_viewable": true,
            "user_editable": true,
            "rules": "required|string|max:32"
        },
        {
            "name": "Server Name",
            "description": "The name of the server, shown in the server list.",
            "env_variable": "SERVER_NAME",
            "default_value": "Avorion Server",
            "user_viewable": true,
            "user_editable": true,
            "rules": "required|string|max:64"
        },
        {
            "name": "Admin ID",
            "description": "Steam64 ID for the player to make Server Admin",
            "env_variable": "ADMIN_ID",
            "default_value": "",
            "user_viewable": true,
            "user_editable": true,
            "rules": "required|string|max:20"
        },
        {
            "name": "Max Players",
            "description": "Maximum number of players allowed",
            "env_variable": "MAX_PLAYERS",
            "default_value": "10",
            "user_viewable": true,
            "user_editable": false,
            "rules": "required|int|max:64"
        },
        {
            "name": "Game Difficulty",
            "description": "Difficulty of the server, allowed values are: -3, -2, -1, 0, 1, 2, 3 Default: 0",
            "env_variable": "DIFFICULTY",
            "default_value": "0",
            "user_viewable": true,
            "user_editable": true,
            "rules": "required|integer|max:3|min:-3"
        },
        {
            "name": "Collision Damage",
            "description": "A multiplier for damage to colliding objects. Accepts floating-point numbers, e.g. 0.5 is 50% collision damage. 0: no damage, 1: full damage. default: 1",
            "env_variable": "COLLISION_DMG",
            "default_value": "1",
            "user_viewable": true,
            "user_editable": true,
            "rules": "required|string|max:20"
        },
        {
            "name": "Save Interval",
            "description": "Time between automatic saves in seconds.  Defaults to 300 (5 minutes).",
            "env_variable": "SAVE_INTERVAL",
            "default_value": "300",
            "user_viewable": true,
            "user_editable": true,
            "rules": "required|string|max:20"
        },
        {
            "name": "Same Start Sector",
            "description": "Indicates if all players should start in the same sector. If false, a random empty sector on the outer rim is populated and used as the home sector for each new player.",
            "env_variable": "SAME_START_SECTOR",
            "default_value": "true",
            "user_viewable": true,
            "user_editable": true,
            "rules": "required|string|in:true,false"
        },
        {
            "name": "Threads",
            "description": "Number of concurrent threads that are used to update sectors. (Identical to the 'Threads' setting ingame.)",
            "env_variable": "GAME_THREADS",
            "default_value": "1",
            "user_viewable": true,
            "user_editable": true,
            "rules": "required|integer|max:20"
        },
        {
            "name": "List Publicly",
            "description": "Privacy setting. If enabled together with useSteam, the server will show up in public server lists. (Same as the ingame setting 'List Publicly')",
            "env_variable": "SERVER_LISTED",
            "default_value": "true",
            "user_viewable": true,
            "user_editable": true,
            "rules": "required|string|in:true,false"
        },
        {
            "name": "Enable Beta",
            "description": "Set to true to enable beta, false for stable.",
            "env_variable": "SERVER_BETA",
            "default_value": "false",
            "user_viewable": true,
            "user_editable": true,
            "rules": "required|string|in:true,false"
        },
        {
            "name": "Steam App ID",
            "description": "",
            "env_variable": "APP_ID",
            "default_value": "565060",
            "user_viewable": false,
            "user_editable": false,
            "rules": "required|string|max:20"
        },
        {
            "name": "LD Library Path",
            "description": "",
            "env_variable": "LD_LIBRARY_PATH",
            "default_value": ".\/linux64",
            "user_viewable": false,
            "user_editable": false,
            "rules": "required|string|max:20"
        },
        {
            "name": "Steam Master Port",
            "description": "",
            "env_variable": "STEAM_MASTER_PORT",
            "default_value": "27021",
            "user_viewable": true,
            "user_editable": false,
            "rules": "required|string|max:20"
        },
        {
            "name": "Steam Query Port",
            "description": "",
            "env_variable": "STEAM_QUERY_PORT",
            "default_value": "27020",
            "user_viewable": true,
            "user_editable": false,
            "rules": "required|string|max:20"
        },
        {
            "name": "Query Port",
            "description": "",
            "env_variable": "QUERY_PORT",
            "default_value": "27003",
            "user_viewable": true,
            "user_editable": false,
            "rules": "required|string|max:20"
        },
        {
            "name": "Auto Update",
            "description": "1 = on; 0 = off",
            "env_variable": "AUTO_UPDATE",
            "default_value": "1",
            "user_viewable": true,
            "user_editable": true,
            "rules": "required|string|max:20"
        }
    ]
}