{
    "_comment": "DO NOT EDIT: FILE GENERATED AUTOMATICALLY BY PTERODACTYL PANEL - PTERODACTYL.IO",
    "meta": {
        "version": "PTDL_v1"
    },
    "exported_at": "2019-03-15T16:25:38+00:00",
    "name": "Tekkit Legends",
    "author": "aevum@decess.us",
    "description": "The ancient power of Tekkits past return in this legendary pack! Wield the philosopher's stone, ride the rails, breed the bees, and much, much more! This pack will remind you of what you've always loved about Tekkit, while bringing you new mods to discover and enjoy!\r\n\r\nhttps:\/\/www.technicpack.net\/modpack\/tekkit-legends.735902",
    "image": "quay.io\/pterodactyl\/core:java",
    "startup": "java -Xms128M -Xmx{{SERVER_MEMORY}}M -jar TekkitLegends.jar",
    "config": {
        "files": "{\r\n    \"server.properties\": {\r\n        \"parser\": \"properties\",\r\n        \"find\": {\r\n            \"server-ip\": \"0.0.0.0\",\r\n            \"server-port\": \"{{server.build.default.port}}\",\r\n            \"query.port\": \"{{server.build.default.port}}\"\r\n        }\r\n    }\r\n}",
        "startup": "{\r\n    \"done\": \")! For help, type \",\r\n    \"userInteraction\": [\r\n        \"Go to eula.txt for more info.\"\r\n    ]\r\n}",
        "logs": "{\r\n    \"custom\": false,\r\n    \"location\": \"logs\/latest.log\"\r\n}",
        "stop": "stop"
    },
    "scripts": {
        "installation": {
            "script": "#!\/bin\/ash\r\n# Forge Installation Script\r\n#\r\n# Server Files: \/mnt\/server\r\napk update\r\napk add curl\r\n\r\ncd \/mnt\/server\r\n\r\nhttps:\/\/servers.technicpack.net\/Technic\/servers\/tekkit-legends\/Tekkit_Legends_Server_v1.1.1.zip\r\ncurl -sS https:\/\/servers.technicpack.net\/Technic\/servers\/tekkit-legends\/Tekkit_Legends_Server_v$MODPACK_VERSION.zip -o TekkitLegends_$MODPACK_VERSION.zip\r\n\r\nunzip TekkitLegends_$MODPACK_VERSION.zip\r\n\r\nrm -rf TekkitLegends_$MODPACK_VERSION.zip",
            "container": "alpine:3.9",
            "entrypoint": "ash"
        }
    },
    "variables": [
        {
            "name": "Modpack Version",
            "description": "Version of the modpack to use",
            "env_variable": "MODPACK_VERSION",
            "default_value": "1.1.1",
            "user_viewable": 1,
            "user_editable": 1,
            "rules": "required|string|max:20"
        }
    ]
}
