{
    "_comment": "DO NOT EDIT: FILE GENERATED AUTOMATICALLY BY PTERODACTYL PANEL - PTERODACTYL.IO",
    "meta": {
        "version": "PTDL_v1",
        "update_url": null
    },
    "exported_at": "2021-11-24T07:45:11+00:00",
    "name": "Xonotic",
    "author": "parker@parkervcp.com",
    "description": "This is for the default xonotic setup.",
    "features": null,
    "images": [
        "ghcr.io\/pterodactyl\/games:source"
    ],
    "file_denylist": [],
    "startup": ".\/xonotic-linux64-dedicated +log_file latest.log +net_address 0.0.0.0 +port {{SERVER_PORT}} +maxplayers {{MAX_PLAYERS}}",
    "config": {
        "files": "{}",
        "startup": "{\r\n    \"done\": \"Server listening on address 0.0.0.0:\"\r\n}",
        "logs": "{}",
        "stop": "quit"
    },
    "scripts": {
        "installation": {
            "script": "#!\/bin\/ash\r\n# Vanilla Xonotic Installation Script\r\n#\r\n# Server Files: \/mnt\/server\r\napk add rsync --no-cache\r\n\r\ncd \/mnt\/server\r\n\r\nwget http:\/\/dl.xonotic.org\/xonotic-0.8.2.zip\r\n\r\nunzip xonotic-0.8.2.zip\r\n\r\nmv Xonotic\/* .\/\r\n\r\n.\/misc\/tools\/rsync-updater\/update-to-autobuild.sh\r\n\r\n# create initial folder structure to copy the default config to, because it only gets created on first startup\r\nmkdir -p .xonotic\/data\r\ncp-n server\/server.cfg .xonotic\/data\/server.cfg || true # do not overwrite existing config file\r\n\r\nrm -rf COPYING Makefile *glx* *glx *sdl* *sdl *linux32* *exe *.app *.sh bin* GPL* Docs\/ gmqcc\/ source\/ misc\/ Xonotic\/ xonotic-0.8.2.zip",
            "container": "ghcr.io\/pterodactyl\/installers:alpine",
            "entrypoint": "ash"
        }
    },
    "variables": [
        {
            "name": "Max Players",
            "description": "Max players allowed on the server",
            "env_variable": "MAX_PLAYERS",
            "default_value": "16",
            "user_viewable": true,
            "user_editable": true,
            "rules": "required|numeric|digits_between:1,2"
        }
    ]
}
