{
    "_comment": "DO NOT EDIT: FILE GENERATED AUTOMATICALLY BY PTERODACTYL PANEL - PTERODACTYL.IO",
    "meta": {
        "version": "PTDL_v1",
        "update_url": null
    },
    "exported_at": "2021-12-09T13:31:17-05:00",
    "name": "Airplane",
    "author": "info@ttr3.eu",
    "description": "A stable, optimized and fast Paper fork.\r\nhttps:\/\/github.com\/TECHNOVE\/Airplane",
    "features": [
        "eula",
        "java_version"
    ],
    "images": [
        "ghcr.io\/pterodactyl\/yolks:java_17",
        "ghcr.io\/pterodactyl\/yolks:java_16",
        "ghcr.io\/pterodactyl\/yolks:java_11",
        "ghcr.io\/pterodactyl\/yolks:java_8"
    ],
    "file_denylist": [],
    "startup": "java -Xms128M -Xmx{{SERVER_MEMORY}}M -Dterminal.jline=false -Dterminal.ansi=true -jar {{SERVER_JARFILE}}",
    "config": {
        "files": "{\r\n    \"server.properties\": {\r\n        \"parser\": \"properties\",\r\n        \"find\": {\r\n            \"server-ip\": \"0.0.0.0\",\r\n            \"server-port\": \"{{server.build.default.port}}\"\r\n        }\r\n    }\r\n}",
        "startup": "{\r\n    \"done\": \")! For help, type \",\r\n    \"userInteraction\": [\r\n        \"Go to eula.txt for more info.\"\r\n    ]\r\n}",
        "logs": "{}",
        "stop": "stop"
    },
    "scripts": {
        "installation": {
            "script": "apt update\r\napt -y install wget\r\ncd \/mnt\/server\r\nif [ -z \"$BUILDVERSION\" ] || [ \"$BUILDVERSION\" == \"latest\" ]; then\r\n    wget https:\/\/ci.tivy.ca\/job\/Airplane-${VER}\/lastSuccessfulBuild\/artifact\/launcher-airplane.jar -O ${SERVER_JARFILE}\r\nelse\r\n    wget https:\/\/ci.tivy.ca\/job\/Airplane-${VER}\/${BUILDVERSION}\/artifact\/launcher-airplane.jar -O ${SERVER_JARFILE}\r\nfi",
            "container": "debian:buster-slim",
            "entrypoint": "bash"
        }
    },
    "variables": [
        {
            "name": "Server file name",
            "description": "Here you can set the server jar's name",
            "env_variable": "SERVER_JARFILE",
            "default_value": "server.jar",
            "user_viewable": true,
            "user_editable": true,
            "rules": "required|regex:\/^([\\w\\d._-]+)(\\.jar)$\/"
        },
        {
            "name": "Minecraft Version",
            "description": "Here you can set the server's version (1.17 or 1.16)",
            "env_variable": "VER",
            "default_value": "1.17",
            "user_viewable": true,
            "user_editable": true,
            "rules": "required|string|max:20"
        },
        {
            "name": "Build version",
            "description": "Here you can set which build version you want to use from Airplane release\r\n(You can see the version from this site https:\/\/ci.tivy.ca)\r\n\r\nExample: https:\/\/ci.tivy.ca\/job\/Airplane-1.17\/(Build version)\/artifact\/launcher-airplane.jar",
            "env_variable": "BUILDVERSION",
            "default_value": "latest",
            "user_viewable": true,
            "user_editable": false,
            "rules": "required|string|max:20"
        }
    ]
}