{
    "_comment": "DO NOT EDIT: FILE GENERATED AUTOMATICALLY BY PTERODACTYL PANEL - PTERODACTYL.IO",
    "meta": {
        "version": "PTDL_v1"
    },
    "exported_at": "2021-08-02T22:44:50-04:00",
    "name": "tModloader",
    "author": "parker@parkervcp.com",
    "description": "tModLoader is essentially a mod that provides a way to load your own mods without having to work directly with Terraria's source code itself. This means you can easily make mods that are compatible with other people's mods, save yourself the trouble of having to decompile and recompile Terraria.exe, and escape from having to understand all of the obscure \"intricacies\" of Terraria's source code. It is made to work for Terraria 1.3+.",
    "features": null,
    "image": "quay.io\/parkervcp\/pterodactyl-images:debian_mono-5",
    "startup": ".\/tModLoaderServer -ip 0.0.0.0 -port ${SERVER_PORT} -maxplayers ${MAX_PLAYERS} -difficulty ${DIFFICULTY} -password \"${SERVER_PASSWORD}\" -motd \"${MOTD}\" -lang ${LANGUAGE} -world ~\/saves\/Worlds\/${WORLD_NAME}.wld -worldname ${WORLD_NAME} -autocreate ${WORLD_SIZE} -savedirectory ~\/ -tmlsavedirectory ~\/saves -modpath ~\/mods",
    "config": {
        "files": "{}",
        "startup": "{\r\n    \"done\": \"Type 'help' for a list of commands\",\r\n    \"userInteraction\": []\r\n}",
        "logs": "{}",
        "stop": "exit"
    },
    "scripts": {
        "installation": {
            "script": "#!\/bin\/bash\r\n# Vanilla tModloader Installation Script\r\n#\r\n# Server Files: \/mnt\/server\r\n## install packages to get version and download links\r\napt update\r\napt install -y curl jq file unzip\r\n\r\nGITHUB_PACKAGE=tModLoader\/tModLoader\r\n\r\nif [ -z \"$GITHUB_USER\" ] && [ -z \"$GITHUB_OAUTH_TOKEN\" ] ; then\r\n    echo -e \"using anon api call\"\r\nelse\r\n    echo -e \"user and oauth token set\"\r\n    alias curl='curl -u $GITHUB_USER:$GITHUB_OAUTH_TOKEN '\r\nfi\r\n\r\n## get release info and download links\r\nLATEST_JSON=$(curl --silent \"https:\/\/api.github.com\/repos\/$GITHUB_PACKAGE\/releases\/latest\")\r\nRELEASES=$(curl --silent \"https:\/\/api.github.com\/repos\/$GITHUB_PACKAGE\/releases\")\r\n\r\nif [ -z \"$VERSION\" ] || [ \"$VERSION\" == \"latest\" ]; then\r\n    echo -e \"defaulting to latest release\"\r\n    DOWNLOAD_LINK=$(echo $LATEST_JSON | jq .assets | jq -r .[].browser_download_url | grep -i linux | grep -i zip)\r\nelse\r\n    VERSION_CHECK=$(echo $RELEASES | jq -r --arg VERSION \"$VERSION\" '.[] | select(.tag_name==$VERSION) | .tag_name')\r\n    if [ \"$VERSION\" == \"$VERSION_CHECK\" ]; then\r\n        DOWNLOAD_LINK=$(echo $RELEASES | jq -r --arg VERSION \"$VERSION\" '.[] | select(.tag_name==$VERSION) | .assets[].browser_download_url' | grep -i linux)\r\n    else\r\n        echo -e \"defaulting to latest release\"\r\n        DOWNLOAD_LINK=$(echo $LATEST_JSON | jq .assets | jq -r .[].browser_download_url | grep -i linux | grep -i zip)\r\n    fi\r\nfi\r\n\r\n## mkdir and cd to \/mnt\/server\/\r\nmkdir -p \/mnt\/server\r\n\r\ncd \/mnt\/server\r\n\r\n## download release\r\necho -e \"running: curl -sSL ${DOWNLOAD_LINK} -o ${DOWNLOAD_LINK##*\/}\"\r\ncurl -sSL ${DOWNLOAD_LINK} -o ${DOWNLOAD_LINK##*\/}\r\n\r\nFILETYPE=$(file -F ',' ${DOWNLOAD_LINK##*\/} | cut -d',' -f2 | cut -d' ' -f2)\r\nif [ \"$FILETYPE\" == \"gzip\" ]; then\r\n    tar xzvf ${DOWNLOAD_LINK##*\/}\r\nelif [ \"$FILETYPE\" == \"Zip\" ]; then\r\n    unzip -o ${DOWNLOAD_LINK##*\/}\r\nelse\r\n    echo -e \"unknown filetype. Exiting\"\r\n    exit 2 \r\nfi\r\n\r\nchmod +x tModLoaderServer.bin.x86_64\r\nchmod +x tModLoaderServer\r\n\r\necho -e \"Cleaning up extra files.\"\r\nrm -rf terraria-server-${CLEAN_VERSION}.zip rm ${DOWNLOAD_LINK##*\/}",
            "container": "debian:buster-slim",
            "entrypoint": "bash"
        }
    },
    "variables": [
        {
            "name": "World Name",
            "description": "The name for the world file.",
            "env_variable": "WORLD_NAME",
            "default_value": "world",
            "user_viewable": true,
            "user_editable": true,
            "rules": "required|string|max:20"
        },
        {
            "name": "Max Players",
            "description": "The maximum number of players a server will hold.",
            "env_variable": "MAX_PLAYERS",
            "default_value": "8",
            "user_viewable": true,
            "user_editable": false,
            "rules": "required|numeric|digits_between:1,3"
        },
        {
            "name": "World Size",
            "description": "Defines the worlds size. 3 sizes 1 (small), 2 (medium), 3 (large).",
            "env_variable": "WORLD_SIZE",
            "default_value": "1",
            "user_viewable": true,
            "user_editable": true,
            "rules": "required|numeric|digits_between:1,3"
        },
        {
            "name": "tModloader Version",
            "description": "The version of tModloader that is to be used.",
            "env_variable": "VERSION",
            "default_value": "latest",
            "user_viewable": true,
            "user_editable": true,
            "rules": "required|string|max:20"
        },
        {
            "name": "GitHub User",
            "description": "GitHub user to use for api calls.\r\n\r\nThis only needs to be set if you hit the GitHub API too often across multiple servers.",
            "env_variable": "GITHUB_USER",
            "default_value": "",
            "user_viewable": false,
            "user_editable": false,
            "rules": "string|nullable"
        },
        {
            "name": "GitHub OAuth Token",
            "description": "This can be either an OAuth or a Personal Access Token.\r\n\r\nThis is required for the install is you set a user.",
            "env_variable": "GITHUB_OAUTH_TOKEN",
            "default_value": "",
            "user_viewable": false,
            "user_editable": false,
            "rules": "string|nullable"
        },
        {
            "name": "Difficulty",
            "description": "Sets the difficulty of the world when using autocreate 0(normal), 1(expert)",
            "env_variable": "DIFFICULTY",
            "default_value": "0",
            "user_viewable": true,
            "user_editable": true,
            "rules": "required|numeric|digits_between:0,1"
        },
        {
            "name": "Server Password",
            "description": "Server password for users to connect to your server",
            "env_variable": "SERVER_PASSWORD",
            "default_value": "",
            "user_viewable": true,
            "user_editable": true,
            "rules": "required|string|max:20"
        },
        {
            "name": "MOTD",
            "description": "Message of the Day for the server",
            "env_variable": "MOTD",
            "default_value": "Please don\u2019t cut the purple trees!",
            "user_viewable": true,
            "user_editable": true,
            "rules": "required|string|max:40"
        },
        {
            "name": "Language",
            "description": "Sets the server language \r\n1:English, \r\n2:German, \r\n3:Italian, \r\n4:French, \r\n5:Spanish",
            "env_variable": "LANGUAGE",
            "default_value": "1",
            "user_viewable": true,
            "user_editable": true,
            "rules": "required|numeric|digits_between:1,5"
        }
    ]
}