{
    "_comment": "DO NOT EDIT: FILE GENERATED AUTOMATICALLY BY PTERODACTYL PANEL - PTERODACTYL.IO",
    "meta": {
        "version": "PTDL_v1",
        "update_url": null
    },
    "exported_at": "2021-01-01T19:35:46+01:00",
    "name": "PixARK",
    "author": "hello@venatus.digital",
    "description": "A simple Docker container with Wine to run PixARK using Pterodactyl Panel",
    "features": null,
    "images": [
        "quay.io\/parkervcp\/pterodactyl-images:ubuntu_wine-source"
    ],
    "startup": "wine64 .\/ShooterGame\/Binaries\/Win64\/PixARKServer.exe CubeWorld_Light?listen?MaxPlayers={{MAX_PLAYERS}}?SessionName={{SRV_NAME}}?Port={{SERVER_PORT}}?QueryPort={{QPORT}}?RCONPort={{RCPORT}}?ServerPassword={{ARK_PASSWORD}}?ServerAdminPassword={{ARK_ADMIN_PASSWORD}}?CULTUREFORCOOKING=en -NoBattlEye -CubePort={{CUBEPORT}} -cubeworld=world -nosteamclient -NoHangDetection -game -server -log",
    "config": {
        "files": "{}",
        "startup": "{\r\n    \"done\": \"Full Startup:\",\r\n    \"userInteraction\": []\r\n}",
        "logs": "{\r\n    \"custom\": false,\r\n    \"location\": \"Logs\/\"\r\n}",
        "stop": "^C"
    },
    "scripts": {
        "installation": {
            "script": "#!\/bin\/bash\r\n# steamcmd Base Installation Script\r\n#\r\n# Server Files: \/mnt\/server\r\n# Image to install with is 'debian:buster-slim'\r\n\r\n##\r\n#\r\n# Variables\r\n# STEAM_USER, STEAM_PASS, STEAM_AUTH - Steam user setup. If a user has 2fa enabled it will most likely fail due to timeout. Leave blank for anon install.\r\n# WINDOWS_INSTALL - if it's a windows server you want to install set to 1\r\n# SRCDS_APPID - steam app id ffound here - https:\/\/developer.valvesoftware.com\/wiki\/Dedicated_Servers_List\r\n# EXTRA_FLAGS - when a server has extra glas for things like beta installs or updates.\r\n#\r\n##\r\n\r\napt -y update\r\napt -y --no-install-recommends install curl lib32gcc1 ca-certificates\r\n\r\n## just in case someone removed the defaults.\r\nif [ \"${STEAM_USER}\" == \"\" ]; then\r\n    echo -e \"steam user is not set.\\n\"\r\n    echo -e \"Using anonymous user.\\n\"\r\n    STEAM_USER=anonymous\r\n    STEAM_PASS=\"\"\r\n    STEAM_AUTH=\"\"\r\nelse\r\n    echo -e \"user set to ${STEAM_USER}\"\r\nfi\r\n\r\n## download and install steamcmd\r\ncd \/tmp\r\nmkdir -p \/mnt\/server\/steamcmd\r\ncurl -sSL -o steamcmd.tar.gz https:\/\/steamcdn-a.akamaihd.net\/client\/installer\/steamcmd_linux.tar.gz\r\ntar -xzvf steamcmd.tar.gz -C \/mnt\/server\/steamcmd\r\ncd \/mnt\/server\/steamcmd\r\n\r\n# SteamCMD fails otherwise for some reason, even running as root.\r\n# This is changed at the end of the install process anyways.\r\nchown -R root:root \/mnt\r\nexport HOME=\/mnt\/server\r\n\r\n## install game using steamcmd\r\n.\/steamcmd.sh +login ${STEAM_USER} ${STEAM_PASS} ${STEAM_AUTH} $( [[ \"${WINDOWS_INSTALL}\" == \"1\" ]] && printf %s '+@sSteamCmdForcePlatformType windows' ) +force_install_dir \/mnt\/server +app_update ${SRCDS_APPID} ${EXTRA_FLAGS} validate +quit ## other flags may be needed depending on install. looking at you cs 1.6\r\n\r\n## set up 32 bit libraries\r\nmkdir -p \/mnt\/server\/.steam\/sdk32\r\ncp -v linux32\/steamclient.so ..\/.steam\/sdk32\/steamclient.so\r\n\r\n## set up 64 bit libraries\r\nmkdir -p \/mnt\/server\/.steam\/sdk64\r\ncp -v linux64\/steamclient.so ..\/.steam\/sdk64\/steamclient.so",
            "container": "debian:buster-slim",
            "entrypoint": "bash"
        }
    },
    "variables": [
        {
            "name": "Server Password",
            "description": "If specified, players must provide this password to join the server.",
            "env_variable": "ARK_PASSWORD",
            "default_value": "",
            "user_viewable": true,
            "user_editable": true,
            "rules": "nullable|alpha_dash|between:1,100"
        },
        {
            "name": "Admin Password",
            "description": "If specified, players must provide this password (via the in-game console) to gain access to administrator commands on the server.",
            "env_variable": "ARK_ADMIN_PASSWORD",
            "default_value": "",
            "user_viewable": true,
            "user_editable": true,
            "rules": "nullable|alpha_dash|between:1,100"
        },
        {
            "name": "Maximum Players",
            "description": "Specifies the maximum number of players that can play on the server simultaneously.",
            "env_variable": "MAX_PLAYERS",
            "default_value": "10",
            "user_viewable": true,
            "user_editable": false,
            "rules": "required|numeric|digits_between:1,4"
        },
        {
            "name": "Query Port",
            "description": "The port assigned for use as query port",
            "env_variable": "QPORT",
            "default_value": "",
            "user_viewable": true,
            "user_editable": true,
            "rules": "required|numeric|digits_between:1,5"
        },
        {
            "name": "RCON Port",
            "description": "The port assigned for use as RCON port",
            "env_variable": "RCPORT",
            "default_value": "",
            "user_viewable": true,
            "user_editable": false,
            "rules": "required|numeric|digits_between:1,5"
        },
        {
            "name": "Cube Port",
            "description": "The port to be used for terrain",
            "env_variable": "CUBEPORT",
            "default_value": "",
            "user_viewable": true,
            "user_editable": false,
            "rules": "required|numeric|digits_between:1,5"
        },
        {
            "name": "App ID",
            "description": "PixARK Source App ID",
            "env_variable": "SRCDS_APPID",
            "default_value": "824360",
            "user_viewable": false,
            "user_editable": false,
            "rules": "required|numeric"
        },
        {
            "name": "WINDOWS_INSTALL",
            "description": "",
            "env_variable": "WINDOWS_INSTALL",
            "default_value": "1",
            "user_viewable": false,
            "user_editable": false,
            "rules": "required|string|max:20"
        },
        {
            "name": "Server Name",
            "description": "Name of the Server !!!! NO SPACES ALLOWED !!!!",
            "env_variable": "SRV_NAME",
            "default_value": "PteroPixARKServer",
            "user_viewable": true,
            "user_editable": true,
            "rules": "required|string|max:30"
        }
    ]
}