{
    "_comment": "DO NOT EDIT: FILE GENERATED AUTOMATICALLY BY PTERODACTYL PANEL - PTERODACTYL.IO",
    "meta": {
        "version": "PTDL_v1"
    },
    "exported_at": "2020-11-02T22:59:26-05:00",
    "name": "Minetest",
    "author": "support@pterodactyl.io",
    "description": "An open source voxel game engine. Play one of our many games, mod a game to your liking, make your own game, or play on a multiplayer server.",
    "image": "quay.io\/parkervcp\/pterodactyl-images:base_ubuntu",
    "startup": ".\/bin\/minetestserver --port {{SERVER_PORT}} --terminal",
    "config": {
        "files": "{}",
        "startup": "{\r\n    \"done\": \" Server for gameid\",\r\n    \"userInteraction\": []\r\n}",
        "logs": "{\r\n    \"custom\": false,\r\n    \"location\": \"debug.txt\"\r\n}",
        "stop": "\/shutdown"
    },
    "scripts": {
        "installation": {
            "script": "#!\/bin\/bash\r\n# Minetest Installation Script\r\ncd \/mnt\/server &&\r\n\r\n# Install installation dependencies\r\napt update &&\r\napt -y install unzip wget build-essential libirrlicht-dev cmake libbz2-dev libjpeg-dev libxxf86vm-dev libsqlite3-dev libopenal-dev libcurl4-gnutls-dev libfreetype6-dev zlib1g-dev libgmp-dev libjsoncpp-dev luajit libncurses5-dev &&\r\n#touch test &&\r\n\r\n# Download, compile and prepare the engine\r\nwget -Osrc.zip https:\/\/github.com\/minetest\/minetest\/archive\/\"${MTVERSION}\".zip &&\r\nunzip .\/src.zip &&\r\nrm .\/src.zip &&\r\ncd .\/minetest-\"${MTVERSION}\" &&\r\ncmake . -DRUN_IN_PLACE=TRUE -DBUILD_CLIENT=FALSE -DBUILD_SERVER=TRUE -DENABLE_GLES=OFF -DENABLE_POSTGRESQL=OFF -DENABLE_REDIS=OFF -DENABLE_SOUND=OFF -DENABLE_LEVELDB=OFF -DENABLE_SPATIAL=OFF &&\r\nmake -j$(nproc) &&\r\nmake package &&\r\nmv .\/minetest-\"${MTVERSION}\"-linux.tar.gz ..\/ &&\r\ncd .. &&\r\nrm -rf .\/minetest-\"${MTVERSION}\" &&\r\ntar xfz .\/minetest-\"${MTVERSION}\"-linux.tar.gz &&\r\nrm minetest-\"${MTVERSION}\"-linux.tar.gz &&\r\nmv .\/minetest-\"${MTVERSION}\"-linux\/* .\/ &&\r\nrm -rf minetest-\"${MTVERSION}\"-linux &&\r\ntouch .\/minetest.conf &&\r\n\r\n# Download and prepare the game\r\ncd .\/games &&\r\nwget -Ominetest_game.zip https:\/\/github.com\/minetest\/minetest_game\/archive\/\"${MTVERSION}\".zip &&\r\nunzip minetest_game.zip &&\r\n#rm minetest_game.zip &&\r\nmv minetest_game-\"${MTVERSION}\" minetest_game &&\r\ncd .. &&\r\n\r\n# Clean up a bit\r\nrm -rf clientmods unix doc client fonts textures &&\r\n\r\n# Done!\r\necho \"Installation was successfully completed!\"",
            "container": "ubuntu:18.04",
            "entrypoint": "bash"
        }
    },
    "variables": [
        {
            "name": "Version",
            "description": "The version of MT to install. Releases only",
            "env_variable": "MTVERSION",
            "default_value": "5.4.1",
            "user_viewable": false,
            "user_editable": true,
            "rules": "required|string|max:10"
        }
    ]
}
